Workbook

Sheet Data
A1: student_id | B1: paid | C1: minutes_watched_21 | D1: minutes_watched_22 | E1: engagement_change | G1: Check Student_id | H1: Check Min 21 | I1: Check Min 22 | J1: Check negative | K1: Check Max Outlier
A2: 16979 | B2: 1 | C2: 13.32 | D2: 260.72 | E2: =D2 - C2 -> 247.4 | G2: =COUNTA(B:B) -> 2523 | H2: =COUNTBLANK(C:C) -> 0 | I2: =COUNTBLANK(C:C) -> 0 | J2: =COUNTIF(E:E,"<0") -> 62 | K2: =MAX(D:D) -> 12344.5
A3: 207114 | B3: 1 | C3: 40.12 | D3: 387.98 | E3: =D3 - C3 -> 347.86
A4: 156680 | B4: 1 | C4: 17.57 | D4: 128.78 | E4: =D4 - C4 -> 111.21
A5: 149601 | B5: 1 | C5: 42.95 | D5: 7417.4 | E5: =D5 - C5 -> 7374.45
A6: 251499 | B6: 1 | C6: 4.92 | D6: 10.47 | E6: =D6 - C6 -> 5.55
A7: 179664 | B7: 1 | C7: 45.07 | D7: 628.05 | E7: =D7 - C7 -> 582.98
A8: 145813 | B8: 1 | C8: 16.98 | D8: 949.9 | E8: =D8 - C8 -> 932.92
A9: 160274 | B9: 1 | C9: 61.97 | D9: 2480.43 | E9: =D9 - C9 -> 2418.46
A10: 9305 | B10: 1 | C10: 72.33 | D10: 715.95 | E10: =D10 - C10 -> 643.62
A11: 211124 | B11: 1 | C11: 1.12 | D11: 5.7 | E11: =D11 - C11 -> 4.58
A12: 172631 | B12: 1 | C12: 88.8 | D12: 217.65 | E12: =D12 - C12 -> 128.85
A13: 240248 | B13: 1 | C13: 42.17 | D13: 392.63 | E13: =D13 - C13 -> 350.46
A14: 233048 | B14: 1 | C14: 12.3 | D14: 47.92 | E14: =D14 - C14 -> 35.62
... A200: 254807 | B200: 1 | C200: 29.68 | D200: 12.52 | E200: =D200 - C200 -> -17.16
A201: 254372 | B201: 1 | C201: 96.82 | D201: 1777.7
A202: 2294 | B202: 1 | C202: 3.37 | D202: 34.63
A203: 32555 | B203: 1 | C203: 25.05 | D203: 44.93
A204: 253896 | B204: 1 | C204: 43.62 | D204: 517.5
A205: 5683 | B205: 1 | C205: 49.57 | D205: 33.32
A206: 666 | B206: 1 | C206: 10.15 | D206: 10.25
A207: 164222 | B207: 1 | C207: 35.62 | D207: 50.23
A208: 4013 | B208: 1 | C208: 86.67 | D208: 315.17
A209: 147197 | B209: 1 | C209: 27.57 | D209: 162.27
A210: 2921 | B210: 1 | C210: 2.68 | D210: 141.82
A211: 190877 | B211: 1 | C211: 58.7 | D211: 67.18
A212: 225103 | B212: 1 | C212: 44.42 | D212: 51.22
... A2523: 200990 | B2523: 0 | C2523: 1.42 | D2523: 0.32

Sheet Analysis
A2: Mean Table: | B2: Mean | E2: -> | F2: Interpretation
B3: Group | C3: Year | D3: Mean | F3: The average engagement increased significantly from 2021 to 2022 for both paid and free users. users showed a stronger increase (from approximately 33.8 to 273 minutes), compared to free users (from 25.4 to 117.6 minutes), suggesting that the new platform features were more effective for paid subscribers. However, the presence of extreme outliers in the dataset may inflate the mean values, indicating that further analysis using median and distribution measures is necessary to better understand typical user behavior.
B4: Paid | C4: 2021 | D4: =AVERAGEIF(Data!B:B,1,Data!C:C) -> 33.796958
B5: Paid | C5: 2022 | D5: =AVERAGEIF(Data!B:B,1,Data!D:D) -> 273.0205
B6: Free | C6: 2021 | D6: =AVERAGEIF(Data!B:B,0,Data!C:C) -> 25.391676
B7: Free | C7: 2022 | D7: =AVERAGEIF(Data!B:B,0,Data!D:D) -> 117.63746
A12: Median Table: | B12: Median | E12: -> | F12: Interpretation | I12: -> | J12: Insight | M12: -> | N12: Key Insight
B13: Group | C13: Year | D13: Median | F13: While the average engagement for free users appears to increase significantly, the median actually decreases, indicating that the typical free user is engaging less with the platform in 2022 compared to 2021. | J13: The new platform features appear to benefit paid users but may not effectively engage free users. | N13: Although the mean engagement increased significantly in 2022, the median analysis reveals a more nuanced story. For paid users, median engagement increased moderately, indicating a genuine improvement. However, for free users, the median engagement decreased, suggesting that the majority of free users are less engaged despite the increase in average values. This discrepancy indicates that the growth in engagement is driven by a small group of highly active users, rather than a consistent improvement across all users.
B14: Paid | C14: 2021 | D14: =IFERROR(__xludf.DUMMYFUNCTION("MEDIAN(FILTER(Data!C:C, Data!B:B=1))"),26.33) -> 26.33
B15: Paid | C15: 2022 | D15: =IFERROR(__xludf.DUMMYFUNCTION("MEDIAN(FILTER(Data!D:D, Data!B:B=1))"),40.28) -> 40.28
B16: Free | C16: 2021 | D16: =IFERROR(__xludf.DUMMYFUNCTION("MEDIAN(FILTER(Data!C:C, Data!B:B=0))"),14.17) -> 14.17
B17: Free | C17: 2022 | D17: =IFERROR(__xludf.DUMMYFUNCTION("MEDIAN(FILTER(Data!D:D, Data!B:B=0))"),11.83) -> 11.83
A22: SD Table: | B22: Group | C22: Year | D22: Mean | E22: Median | F22: Std Dev | G22: -> | H22: Interpretation
B23: Paid | C23: 2021 | D23: =AVERAGEIF(Data!B:B,1,Data!C:C) -> 33.796958 | E23: =IFERROR(__xludf.DUMMYFUNCTION("MEDIAN(FILTER(Data!C:C, Data!B:B=1))"),26.33) -> 26.33 | F23: =IFERROR(__xludf.DUMMYFUNCTION("STDEV.S(FILTER(Data!C:C, Data!B:B=1))"),28.21354299785282) -> 28.213543 | H23: Although the average engagement increased significantly in 2022, the median and standard deviation reveal a different pattern. The high standard deviation indicates extreme variability in user behavior, suggesting that the increase in mean is driven by a small group of highly active users. For paid users, median engagement increased moderately, indicating some real improvement. However, for free users, median engagement decreased, suggesting that the typical free user is less engaged despite the increase in average values.
B24: Paid | C24: 2022 | D24: =AVERAGEIF(Data!B:B,1,Data!D:D) -> 273.0205 | E24: =IFERROR(__xludf.DUMMYFUNCTION("MEDIAN(FILTER(Data!D:D, Data!B:B=1))"),40.28) -> 40.28 | F24: =IFERROR(__xludf.DUMMYFUNCTION("STDEV.S(FILTER(Data!D:D, Data!B:B=1))"),854.5752368805449) -> 854.57524
B25: Free | C25: 2021 | D25: =AVERAGEIF(Data!B:B,0,Data!C:C) -> 25.391676 | E25: =IFERROR(__xludf.DUMMYFUNCTION("MEDIAN(FILTER(Data!C:C, Data!B:B=0))"),14.17) -> 14.17 | F25: =IFERROR(__xludf.DUMMYFUNCTION("STDEV.S(FILTER(Data!C:C, Data!B:B=0))"),26.231536895657577) -> 26.231537
B26: Free | C26: 2022 | D26: =AVERAGEIF(Data!B:B,0,Data!D:D) -> 117.63746 | E26: =IFERROR(__xludf.DUMMYFUNCTION("MEDIAN(FILTER(Data!D:D, Data!B:B=0))"),11.83) -> 11.83 | F26: =IFERROR(__xludf.DUMMYFUNCTION("STDEV.S(FILTER(Data!D:D, Data!B:B=0))"),468.9346648922148) -> 468.93466
A33: -> | B33: Business Insight
B34: Paid User | C34: Features are effective for engaged / paying users | G34: -> | H34: Conclusion | I34: The large gap between mean and median, combined with high standard deviation, indicates a right-skewed distribution with significant outliers.
B36: Free User | C36: Features fail to retain or engage the majority
